niftyvolume,niftybuyorders,niftysellorders,netorders,time,niftyvolumediff,niftybuyordersdiff,niftysellordersdiff,scaled_niftybuyorders,scaled_niftysellorders,color,net_orders_color,niftyturnover,niftyturnovervolume,niftyturnoverdiff,niftyturnovervolumediff
13100151,204061000,137461375,66599625,09:59,0.0,0.0,0.0,932.1065029802536,862.8310733299996,red,green,67645866345,940039775,0.0,0.0
14095112,203318800,134799100,68519700,10:01,994961.0,-742200.0,-2662275.0,927.0134871284986,836.085498494211,red,green,72719127429,1010387950,5073261084.0,70348175.0
14566482,204656850,136705050,67951800,10:02,471370.0,1338050.0,1905950.0,936.1952573527518,855.2329300549143,red,green,73584402137,1022435050,865274708.0,12047100.0
14497835,205472100,135995400,69476700,10:03,-68647.0,815250.0,-709650.0,941.7895461874907,848.1036901446056,red,green,74787688862,1038949500,1203286725.0,16514450.0
14570938,205959550,136747725,69211825,10:04,73103.0,487450.0,752325.0,945.1344539979702,855.661648878521,red,green,74459791341,1032966275,-327897521.0,-5983225.0
14589916,205828375,136621200,69207175,10:05,18978.0,-131175.0,-126525.0,944.234324175343,854.3905616106399,red,green,76639421738,1063418900,2179630397.0,30452625.0
15035008,205336675,139871050,65465625,10:06,445092.0,-491700.0,3249850.0,940.860252638954,887.0389943909078,red,green,77011190557,1074049375,371768819.0,10630475.0
15069171,205018225,140491775,64526450,10:07,34163.0,-318450.0,620725.0,938.6750318116954,893.2748817203328,red,green,77877357271,1079374375,866166714.0,5325000.0
15683396,209066200,135511675,73554525,10:09,614225.0,4047975.0,-4980100.0,966.4524514324278,843.2441233502503,red,green,81520329055,1127733900,2710533864.0,34958525.0
15819969,208912475,136310850,72601625,10:10,136573.0,-153725.0,799175.0,965.397582311152,851.2727435226185,red,green,81989561063,1132840975,469232008.0,5107075.0
15996194,210010225,137772800,72237425,10:11,176225.0,1097750.0,1461950.0,972.9304011622215,865.9596910134604,red,green,82888822814,1145674300,899261751.0,12833325.0
16138624,209273675,134817825,74455850,10:12,142430.0,-736550.0,-2954975.0,967.8761559107933,836.2736123775627,red,green,84297283277,1165168450,1408460463.0,19494150.0
16363071,210252650,138705250,71547400,10:13,224447.0,978975.0,3887425.0,974.5939343983597,875.3272098669339,red,green,85110168188,1176586050,812884911.0,11417600.0
16535119,208969700,139783650,69186050,10:14,172048.0,-1282950.0,1078400.0,965.7902633029555,886.1609621663449,red,green,85449760237,1181654575,339592049.0,5068525.0
16713875,209089675,139800300,69289375,10:15,178756.0,119975.0,16650.0,966.613538130245,886.3282303189649,red,green,86232469447,1193664800,782709210.0,12010225.0
17002628,209423525,136037925,73385600,10:16,288753.0,333850.0,-3762375.0,968.9044345760931,848.5309020479182,red,green,88886578870,1228774575,2654109423.0,35109775.0
17381730,207912825,140646625,67266200,10:17,379102.0,-1510700.0,4608700.0,958.5379308746026,894.8305257703734,red,green,89504616753,1238250725,618037883.0,9476150.0
17459700,207231500,142499475,64732025,10:18,77970.0,-681325.0,1852850.0,953.8626425086677,913.444507547046,red,green,90673774270,1253420075,1169157517.0,15169350.0
17746574,204680900,144423325,60257575,10:19,286874.0,-2550600.0,1923850.0,936.3602897311333,932.7717649294848,red,green,92115415964,1274386725,1441641694.0,20966650.0
18011076,201955625,146456525,55499100,10:20,264502.0,-2725275.0,2033200.0,917.6593078187223,953.1975672061561,red,green,93414087109,1293798800,1298671145.0,19412075.0
18230033,200912650,146045100,54867550,10:21,218957.0,-1042975.0,-411425.0,910.502357929226,949.0643359934473,red,green,93932463422,1302636825,518376313.0,8838025.0
18307960,200317150,145807075,54510075,10:22,77927.0,-595500.0,-238025.0,906.4160052753322,946.6731046404548,red,green,94602977157,1313867825,670513735.0,11231000.0
18539673,197239375,147995175,49244200,10:23,231713.0,-3077775.0,2188100.0,885.2961496257296,968.6550532739313,red,green,96407522362,1338534700,1804545205.0,24666875.0
18786581,197871800,148694200,49177600,10:24,246908.0,632425.0,699025.0,889.6358835923775,975.6775529967576,red,green,97307447293,1349515775,899924931.0,10981075.0
19037872,199881450,148217850,51663600,10:25,251291.0,2009650.0,-476350.0,903.4262087156318,970.8920764501845,red,green,98169400023,1360037375,861952730.0,10521600.0
19232372,200657500,146774400,53883100,10:26,194500.0,776050.0,-1443450.0,908.7515050666887,956.3909824622534,red,green,99079316113,1373167250,909916090.0,13129875.0
19410038,201052275,144633575,56418700,10:27,177666.0,394775.0,-2140825.0,911.4604721010144,934.8839648747287,red,green,100300257585,1390110450,1220941472.0,16943200.0
19561099,201864100,146774550,55089550,10:28,151061.0,811825.0,2140975.0,917.0312584036968,956.3924893825473,red,green,101008195647,1399983750,707938062.0,9873300.0
19680243,201770475,146780575,54989900,10:29,119144.0,-93625.0,6025.0,916.3887986770455,956.4530173476845,red,green,101370207012,1404871300,362011365.0,4887550.0
20006843,202556350,145960575,56595775,10:30,326600.0,785875.0,-820000.0,921.7815147003519,948.2151864078505,red,green,103650501484,1431878250,2280294472.0,27006950.0
20206233,203936000,146220600,57715400,10:31,199390.0,1379650.0,260025.0,931.2487463358594,950.8274327372777,red,green,104832614479,1446893650,1182112995.0,15015400.0
20356620,205109975,146076625,59033350,10:32,150387.0,1173975.0,-143975.0,939.3046251886808,949.3810404085428,red,green,105567924213,1456814000,735309734.0,9920350.0
20501368,206177525,145754025,60423500,10:33,144748.0,1067550.0,-322600.0,946.6302100344648,946.1401571631886,red,green,106737744579,1471945625,1169820366.0,15131625.0
20609155,206979825,145561975,61417850,10:34,107787.0,802300.0,-192050.0,952.1356352808446,944.2107968802677,red,green,107283196219,1478758900,545451640.0,6813275.0
20739607,207526100,145506825,62019275,10:35,130452.0,546275.0,-55150.0,955.884203368176,943.6567525188874,red,green,108426517889,1492617100,1143321670.0,13858200.0
20927729,209556225,143889000,65667225,10:36,188122.0,2030125.0,-1617825.0,969.815029029782,927.40386368933,red,green,109247623465,1503680400,821105576.0,11063300.0
21108631,209039950,143021925,66018025,10:37,180902.0,-516275.0,-867075.0,966.2723225371051,918.6931109306025,red,green,109979804384,1512461700,732180919.0,8781300.0
21526916,208326900,143337250,64989650,10:38,418285.0,-713050.0,315325.0,961.3793355348229,921.8609085417039,red,green,112454958583,1542576875,2475154199.0,30115175.0
21797736,210644175,141900000,68744175,10:39,270820.0,2317275.0,-1437250.0,977.2805997599312,907.4221005925862,red,green,113096436733,1551203750,641478150.0,8626875.0
21812936,210547400,142024500,68522900,10:40,15200.0,-96775.0,124500.0,976.6165245658412,908.6728444365001,red,green,114213702784,1567828725,1117266051.0,16624975.0
22044318,209112400,143100900,66011500,10:41,231382.0,-1435000.0,1076400.0,966.769478288196,919.4865044653261,red,green,116207824195,1591978225,1994121411.0,24149500.0
22706741,209466825,144003825,65463000,10:42,662423.0,354425.0,902925.0,969.2015614777112,928.5574111742892,red,green,118003098790,1616841175,1795274595.0,24862950.0
22853552,209169675,143234475,65935200,10:43,146811.0,-297150.0,-769350.0,967.1625023826574,920.8284169870192,red,green,120049664628,1643330950,2046565838.0,26489775.0
23132775,211538675,143928675,67610000,10:44,279223.0,2369000.0,694200.0,983.418706307216,927.8024441070592,red,green,120978736404,1656371725,929071776.0,13040775.0
24256988,211854300,143099850,68754450,10:47,1124213.0,315625.0,-828825.0,985.5845418343113,919.4759560232691,red,green,128548146864,1753538600,1980774233.0,26679750.0
24608936,212769300,144308950,68460350,10:48,351948.0,915000.0,1209100.0,991.8633204712768,931.6227382054074,red,green,129290135704,1764101250,741988840.0,10562650.0
24853319,213098575,143731950,69366625,10:49,244383.0,329275.0,-577000.0,994.1228230239399,925.8261181416459,red,green,130048995796,1774340500,758860092.0,10239250.0
25021920,213073675,145806775,67266900,10:50,168601.0,-24900.0,2074825.0,993.9519579003767,946.670090799867,red,green,132252307200,1801271500,2203311404.0,26931000.0
25475184,209930225,145822650,64107575,10:51,453264.0,-3143450.0,15875.0,972.3814369098094,946.8295731976351,red,green,134004072280,1823754375,1751765080.0,22482875.0
25427701,210451450,145154900,65296550,10:52,-47483.0,521225.0,-667750.0,975.9581105656042,940.1212663560812,red,green,135229009679,1840216875,1224937399.0,16462500.0
25910420,211109525,145980475,65129050,10:53,482719.0,658075.0,825575.0,980.4738561956818,948.4151045001709,red,green,136124920841,1852966275,895911162.0,12749400.0
26166921,212284900,146240600,66044300,10:54,256501.0,1175375.0,260125.0,988.5393419229204,951.0283554431273,red,green,137644633370,1871507075,1519712529.0,18540800.0
26204527,212395400,146396525,65998875,10:55,37606.0,110500.0,155925.0,989.2975987965649,952.5947990886074,red,green,138868272900,1887619375,1223639530.0,16112300.0
26637961,212347325,145507525,66839800,10:56,433434.0,-48075.0,-889000.0,988.9677055911308,943.6637848135921,red,green,140418903685,1908642500,1550630785.0,21023125.0
26912003,212909575,144384875,68524700,10:57,274042.0,562250.0,-1122650.0,992.8258949776159,932.3854910274889,red,green,141810200939,1928375150,1391297254.0,19732650.0
27134145,213470100,144789350,68680750,10:58,222142.0,560525.0,404475.0,996.6722473224083,936.4489015999148,red,green,143252021879,1948235350,1441820940.0,19860200.0
27406791,213067275,145957525,67109750,11:00,200370.0,-622375.0,754825.0,993.9080407601836,948.1845456952084,red,green,144253945313,1963686675,1001923434.0,15451325.0
27675118,213253825,145954700,67299125,11:01,268327.0,186550.0,-2825.0,995.1881567762774,948.1561653630072,red,green,145473379467,1979641375,1219434154.0,15954700.0
27919731,213905825,146198550,67707275,11:02,244613.0,652000.0,243850.0,999.6622154334375,950.6059154540785,red,green,146838450628,1997238625,1365071161.0,17597250.0
28251223,213238625,146960975,66277650,11:04,331492.0,-667200.0,762425.0,995.0838535683192,958.265340154448,red,green,148968349008,2022790325,539191572.0,6741125.0
28583067,212190000,147569175,64620825,11:05,331844.0,-1048625.0,608200.0,987.8881330784963,964.3753996393347,red,green,150721290625,2048333525,1752941617.0,25543200.0
28659119,213955050,147324075,66630975,11:06,76052.0,1765050.0,-245100.0,1000.0,961.9130918791477,red,green,150897261406,2051832175,175970781.0,3498650.0
28848409,212478275,146938275,65540000,11:07,189290.0,-1476775.0,-385800.0,989.8662914517981,958.0372928833087,red,green,151786847751,2065063975,889586345.0,13231800.0
29128228,212466850,148231800,64235050,11:08,279819.0,-11425.0,1293525.0,989.7878924945005,971.0322200375145,red,green,152797428050,2081148075,1010580299.0,16084100.0
29330365,211501525,147367700,64133825,11:09,202137.0,-965325.0,-864100.0,983.163781032502,962.3513545312821,red,green,153616069236,2091961500,818641186.0,10813425.0
30084505,209907650,148397275,61510375,11:10,754140.0,-1593875.0,1029575.0,972.2265260598317,972.6946042750378,red,green,158018850399,2145864575,4402781163.0,53903075.0
30318694,209546150,147854025,61692125,11:11,234189.0,-361500.0,-543250.0,969.7458938442438,967.2370412773978,red,green,159411633798,2164368025,1392783399.0,18503450.0
30704477,207614750,148685350,58929400,11:12,385783.0,-1931400.0,831325.0,956.4925243803802,975.5886446994192,red,green,163980120032,2224623775,4568486234.0,60255750.0
31288502,209236925,146287150,62949775,11:13,584025.0,1622175.0,-2398200.0,967.6239754573414,951.4960030409924,red,green,165411684037,2246694100,1431564005.0,22070325.0
31652560,206308400,149755700,56552700,11:14,364058.0,-2928525.0,3468550.0,947.5282812411456,986.3415256097257,red,green,167020688688,2272269500,1609004651.0,25575400.0
32032415,206854200,148180325,58673875,11:15,379855.0,545800.0,-1575375.0,951.2735898532284,970.5150952233341,red,green,167840693582,2285527500,820004894.0,13258000.0
32425880,204514025,149136050,55377975,11:16,393465.0,-2340175.0,955725.0,935.215184610867,980.1164378757402,red,green,170093509889,2317680600,2252816307.0,32153100.0
32642572,207454200,145906300,61547900,11:17,216692.0,2940175.0,-3229750.0,955.3908217463204,947.6699324148511,red,green,172179415241,2347333250,2085905352.0,29652650.0
32942400,206825350,148341175,58484175,11:18,299828.0,-628850.0,2434875.0,951.0756196197021,972.1310160851297,red,green,172398509670,2353262000,219094429.0,5928750.0
33218485,208194525,147661900,60532625,11:19,276085.0,1369175.0,-679275.0,960.4709712484095,965.3069275343299,red,green,173821656383,2372921225,1423146713.0,19659225.0
33740708,208746175,145838175,62908000,11:20,522223.0,551650.0,-1823725.0,964.2564228714499,946.9855394480508,red,green,176535891205,2411274775,2714234822.0,38353550.0
33961384,208908700,144961050,63947650,11:21,220676.0,162525.0,-877125.0,965.3716780604911,938.1738230296338,red,green,177029414927,2419662425,493523722.0,8387650.0
34186444,207518800,146721000,60797800,11:22,225060.0,-1389900.0,1759950.0,955.8341103801433,955.8545188376349,red,green,178077617282,2438247225,1048202355.0,18584800.0
34343106,207625325,146892375,60732950,11:23,156662.0,106525.0,171375.0,956.5650905924961,957.5761752733839,red,green,180291988898,2466982575,2214371616.0,28735350.0
34964179,209597500,143934250,65663250,11:25,621073.0,1972175.0,-2958125.0,970.0982602737608,927.8584513113149,red,green,182356102231,2493782825,2064113333.0,26800250.0
35011880,210303550,144464775,65838775,11:26,47701.0,706050.0,530525.0,974.943212903957,933.1881772373581,red,green,183515764244,2508360000,1159662013.0,14577175.0
35371608,209409200,144070675,65338525,11:27,359728.0,-894350.0,-394100.0,968.8061356646455,929.2289953185915,red,green,184724914463,2522180575,1209150219.0,13820575.0
35385663,209226425,144364150,64862275,11:28,14055.0,-182775.0,293475.0,967.5519238992124,932.1772848735523,red,green,185191082822,2530870875,466168359.0,8690300.0
35540003,209357925,144598600,64759325,11:29,154340.0,131500.0,234450.0,968.454283889115,934.5326012928742,red,green,185658073873,2535947550,466991051.0,5076675.0
35966839,209817300,143573225,66244075,11:31,426836.0,459375.0,-1025375.0,971.6065395572635,924.231545317347,red,green,188555946615,2569813600,2897872742.0,33866050.0
36072993,209338225,144828975,64509250,11:32,106154.0,-479075.0,1255750.0,968.3191014419584,936.8469797108794,red,green,189174528722,2576745800,618582107.0,6932200.0
36209196,210379350,144570925,65808425,11:33,136203.0,1041125.0,-258050.0,975.4633565331177,934.2545744986548,red,green,190044683507,2588786000,870154785.0,12040200.0
36346917,208231950,146594250,61637700,11:34,137721.0,-2147400.0,2023325.0,960.727783587741,954.5811711893131,red,green,191284566894,2603007950,1239883387.0,14221950.0
36704093,207355275,146920000,60435275,11:35,357176.0,-876675.0,325750.0,954.7119931379468,957.8536997608386,red,green,192751045056,2620207325,1466478162.0,17199375.0
36784107,207042225,147783175,59259050,11:36,80014.0,-313050.0,863175.0,952.5638273977261,966.5252725919255,red,green,193281359561,2627075275,530314505.0,6867950.0
36901812,208374975,147121325,61253650,11:37,117705.0,1332750.0,-661850.0,961.7092287402568,959.8762379485973,red,green,193730898142,2634406900,449538581.0,7331625.0
37226191,205471975,148130900,57341075,11:38,324379.0,-2903000.0,1009575.0,941.7886884308463,970.0185649865034,red,green,195847739594,2660388050,2116841452.0,25981150.0
37414072,206515425,149623475,56891950,11:39,187881.0,1043450.0,1492575.0,948.9488977955912,985.0131753706775,red,green,196411003526,2667958975,563263932.0,7570925.0
37583939,206230750,150102975,56127775,11:40,169867.0,-284675.0,479500.0,946.9954428136479,989.8302972434219,red,green,197218154534,2678412475,807151008.0,10453500.0
37826819,205473100,150385450,55087650,11:41,242880.0,-757650.0,282475.0,941.7964082406459,992.6680793101654,red,green,200329756558,2713410125,3111602024.0,34997650.0
38421966,203222825,148887450,54335375,11:42,595147.0,-2250275.0,-1498000.0,926.3549015769328,977.6189686420295,red,green,200808160118,2720725800,478403560.0,7315675.0
38629587,204106575,148744425,55362150,11:44,207621.0,883750.0,-143025.0,932.4192410527996,976.1821201418225,red,green,206039144867,2780430225,3960242966.0,45995600.0
39137805,202854775,149383725,53471050,11:45,508218.0,-1251800.0,639300.0,923.8293229131785,982.6046144343053,red,green,205529764735,2775116325,-509380132.0,-5313900.0
39957002,202454650,148672475,53782175,11:47,625862.0,-8675.0,-763800.0,921.0836438944727,975.4593007075284,red,green,209567133649,2823832675,4037368914.0,48716350.0
40193910,202389175,148665425,53723750,11:48,236908.0,-65475.0,-7050.0,920.6343509641391,975.3884754537165,red,green,213938575299,2873414225,4371441650.0,49581550.0
40812632,201572275,146305475,55266800,11:49,618722.0,-816900.0,-2359950.0,915.0287397416943,951.680098470227,red,green,217041070201,2910666325,3102494902.0,37252100.0
41298584,199980725,148695750,51284975,11:50,485952.0,-1591550.0,2390275.0,904.1074390426096,975.693124506461,red,green,219831611624,2946495525,2790541423.0,35829200.0
41497829,199738625,148350050,51388575,11:51,199245.0,-242100.0,-345700.0,902.4461359737469,972.2201755358504,red,green,220737502633,2958393450,905891009.0,11897925.0
41770448,200400550,148773500,51627050,11:52,272619.0,661925.0,423450.0,906.9883005084719,976.4742115254513,red,green,223046717116,2988339700,2309214483.0,29946250.0
42052436,201323675,149501825,51821850,11:53,281988.0,923125.0,728325.0,913.322833327323,983.7910630123473,red,green,223934559509,3000682675,887842393.0,12342975.0
42502217,200416275,148088125,52328150,11:54,449781.0,-907400.0,-1413700.0,907.0962062943368,969.5888415493675,red,green,226522975720,3033269150,2588416211.0,32586475.0
42731959,202346000,148316900,54029100,11:55,229742.0,1929725.0,228775.0,920.3380818191653,971.8871461509048,red,green,227309918562,3044578300,786942842.0,11309150.0
42997587,201316225,148829750,52486475,11:56,265628.0,-1029775.0,512850.0,913.2717110313172,977.0393066356534,red,green,229004719178,3062755600,1694800616.0,18177300.0
43433190,202921625,146540825,56380800,11:58,435603.0,1605400.0,-2288925.0,924.2880511666006,954.0444564113124,red,green,232141485234,3099040550,1866055370.0,21336850.0
43731495,203465225,144884450,58580775,11:59,298305.0,543600.0,-1656375.0,928.0182632617419,937.4042890662298,red,green,239633936663,3189095575,7492451429.0,90055025.0
44368202,204415350,143837650,60577700,12:01,636707.0,950125.0,-1046800.0,934.5380715157822,926.8879946420612,red,green,237308424523,3163144300,2632983164.0,31490700.0
44747176,204219600,141208875,63010725,12:02,378974.0,-195750.0,-2628775.0,933.1948246106609,900.4789653385706,red,green,238700080615,3179086775,1391656092.0,15942475.0
44999896,201508800,144963100,56545700,12:03,252720.0,-2710800.0,3754225.0,914.5931709176708,938.1944176069834,red,green,239816052310,3192447925,1115971695.0,13361150.0
44860369,199037650,145959325,53078325,12:04,-139527.0,-2471150.0,996225.0,897.6360082633132,948.2026287387348,red,green,242436194165,3223625950,2620141855.0,31178025.0
45429908,197040200,146913300,50126900,12:05,569539.0,-1997450.0,953975.0,883.9294001885519,957.786390654379,red,green,243658639915,3237585750,1222445750.0,13959800.0
45696808,198054450,145367775,52686675,12:06,266900.0,1014250.0,-1545525.0,890.8892376011663,942.2598374064679,red,green,244932034117,3251675300,1273394202.0,14089550.0
45852148,199420600,145714850,53705750,12:07,155340.0,1366150.0,347075.0,900.2638315190793,945.7465998131057,red,green,246176961858,3266371450,1244927741.0,14696150.0
46142444,194723775,146332525,48391250,12:08,290296.0,-4696825.0,617675.0,868.0339687086255,951.9518464298886,red,green,247263552208,3278167150,1086590350.0,11795700.0
46351061,198416400,147485575,50930825,12:09,208617.0,3692625.0,1153050.0,893.3729577406742,963.5355427288832,red,green,248785781438,3297885500,1522229230.0,19718350.0
46675613,199843650,146277425,53566225,12:10,324552.0,1427250.0,-1208150.0,903.166823106367,951.3983043752729,red,green,250478312014,3315645275,1692530576.0,17759775.0
46707387,199792375,146401650,53390725,12:11,31774.0,-51275.0,124225.0,902.8149713308366,952.6462855319813,red,green,250986650658,3321000800,508338644.0,5355525.0
46952581,202618125,144696950,57921175,12:12,245194.0,2825750.0,-1704700.0,922.2054180340115,935.5206386988897,red,green,252177897792,3332966075,1191247134.0,11965275.0
47043266,201951625,145584350,56367275,12:13,90685.0,-666500.0,887400.0,917.6318596061017,944.4355791574369,red,green,253442623204,3347051800,1264725412.0,14085725.0
47428730,200701900,146890525,53811375,12:15,164982.0,2900.0,299650.0,909.0561802267774,957.5575899230928,red,green,255464304803,3369992750,2021681599.0,22940950.0
47715467,198873300,147481100,51392200,12:17,286737.0,-1828600.0,590575.0,896.5082298272638,963.4905862734495,red,green,257974393149,3398373250,1264983127.0,14894050.0
47953628,197469575,149429050,48040525,12:18,238161.0,-1403725.0,1947950.0,886.8757942620459,983.059955516437,red,green,258559896312,3405015450,585503163.0,6642200.0
48259316,196543750,149700300,46843450,12:19,305688.0,-925825.0,271250.0,880.5227338996759,985.7849697145223,red,green,260911026157,3433752475,2351129845.0,28737025.0
48538859,198859650,147102050,51757600,12:20,279543.0,2315900.0,-2598250.0,896.414562801696,959.6825986908348,red,green,262226119090,3449126900,1315092933.0,15374425.0
48671977,197902625,148393700,49508925,12:21,133118.0,-957025.0,1291650.0,889.8474063808852,972.6586893413672,red,green,263354859613,3461523775,1128740523.0,12396875.0
48729937,199219700,148125950,51093750,12:22,57960.0,1317075.0,-267750.0,898.8852450402089,969.9688366168056,red,green,264078844878,3470959525,723985265.0,9435750.0
48852902,198854925,149101875,49753050,12:23,122965.0,-364775.0,975925.0,896.3821396005378,979.7731112021196,red,green,264697174055,3478156325,618329177.0,7196800.0
48931519,198921300,149166650,49754650,12:24,78617.0,66375.0,64775.0,896.8376083787111,980.4238496156901,red,green,265581149084,3487799200,883975029.0,9642875.0
49213247,197453825,149363575,48090250,12:25,281728.0,-1467475.0,196925.0,886.7677169248523,982.4021848081618,red,green,266105762666,3493482825,524613582.0,5683625.0
49254825,197795075,149574625,48220450,12:26,41578.0,341250.0,211050.0,889.1093925640484,984.5224216616398,red,green,267266362499,3506536275,1160599833.0,13053450.0
49367455,198908800,149731350,49177450,12:27,112630.0,1113725.0,156725.0,896.7518327142718,986.0969022153538,red,green,267706907410,3511466850,440544911.0,4930575.0
49477580,197871450,150762250,47109200,12:28,110125.0,-1037350.0,1030900.0,889.6334818737732,996.453463088372,red,green,268300461759,3518652900,593554349.0,7186050.0
49690846,195517550,151115275,44402275,12:29,213266.0,-2353900.0,353025.0,873.4808949518575,1000.0,red,green,269325464598,3529844775,1025002839.0,11191875.0
49856455,195713825,151018200,44695625,12:30,165609.0,196275.0,-97075.0,874.8277444348853,999.0247714164825,red,green,271513770232,3553748075,2188305634.0,23903300.0
50006867,197756600,149910050,47846550,12:31,150412.0,2042775.0,-1108150.0,888.8453750689039,987.8921465921201,red,green,271868781139,3557824225,355010907.0,4076150.0
50231140,199183600,147909900,51273700,12:32,224273.0,1427000.0,-2000150.0,898.6375249213079,967.7983690868651,red,green,273557257766,3577112125,1688476627.0,19287900.0
50435052,199258575,147471425,51787150,12:33,203912.0,74975.0,-438475.0,899.1520073566155,963.3933899144947,red,green,273890715277,3581357975,333457511.0,4245850.0
50533588,199899100,148247900,51651200,12:34,98536.0,640525.0,776475.0,903.5473239538202,971.1939628157236,red,green,275100133472,3595020150,1209418195.0,13662175.0
50677291,200622500,147284000,53338500,12:35,143703.0,723400.0,-963900.0,908.5113332062583,961.5104930073015,red,green,276088099647,3605494750,987966175.0,10474600.0
51070938,201974650,143930150,58044500,12:36,393647.0,1352150.0,-3353850.0,917.7898583799991,927.8172621566156,red,green,277078381654,3616083450,990282007.0,10588700.0
51091456,202002400,144016275,57986125,12:37,20518.0,27750.0,86125.0,917.9802803550546,928.6824855586805,red,green,278828985496,3635517850,1750603842.0,19434400.0
51234954,202830300,144061400,58768900,12:38,143498.0,827900.0,45125.0,923.6613741622062,929.1358174137537,red,green,280184254908,3650859425,1355269412.0,15341575.0
51410982,202851350,144511425,58339925,12:39,176028.0,21050.0,450025.0,923.8058203811221,933.6568294487523,red,green,280676900114,3655885275,492645206.0,5025850.0
51660715,202683500,142851275,59832225,12:40,249733.0,-167850.0,-1660150.0,922.6540247590297,916.9787379429406,red,green,282620117832,3675197750,1943217718.0,19312475.0
51797957,203031300,143552550,59478750,12:41,137242.0,347800.0,701275.0,925.0406468463921,924.0238414701751,red,green,283510759507,3684918900,890641675.0,9721150.0
51860759,200746125,144919025,55827100,12:42,62802.0,-2285175.0,1366475.0,909.3596545275642,937.7516341939673,red,green,284122702705,3690911100,611943198.0,5992200.0
52161796,199573625,146756325,52817300,12:43,301037.0,-1172500.0,1837300.0,901.3138972031467,956.2093985668419,red,green,285554861703,3709146575,1432158998.0,18235475.0
52241416,199877000,146999000,52878000,12:44,79620.0,303375.0,242675.0,903.3956725790913,958.6473444489446,red,green,286493977625,3720148350,939115922.0,11001775.0
52366425,198720875,147305625,51415250,12:45,125009.0,-1156125.0,306625.0,895.4622813750894,961.7277406830015,red,green,286778393479,3723224825,284415854.0,3076475.0
52612952,198757725,147675700,51082025,12:46,246527.0,36850.0,370075.0,895.715148033857,965.4455642013662,red,green,288368096328,3740821750,1589702849.0,17596925.0
52694699,200143650,146148675,53994975,12:47,81747.0,1385925.0,-1527025.0,905.2254390529131,950.104864456366,red,green,289159853196,3749445950,791756868.0,8624200.0
52818959,201440450,145878750,55561700,12:48,124260.0,1296800.0,-269925.0,914.1241495845161,947.3931613875432,red,green,290173510162,3759590025,1013656966.0,10144075.0
52960943,200700000,147525975,53174025,12:49,141984.0,-740450.0,1647225.0,909.0431423257827,963.9414065946995,red,green,290619964570,3764564150,446454408.0,4974125.0
52987680,200740075,147520050,53220025,12:50,26737.0,40075.0,-5925.0,909.3181391059754,963.8818832430916,red,green,291254088800,3771167100,634124230.0,6602950.0
53104941,202025100,146683275,55341825,12:51,117261.0,1285025.0,-836775.0,918.1360489616766,955.4755283837261,red,green,291921052879,3778415875,666964079.0,7248775.0
53155030,201448550,147105725,54342825,12:52,50089.0,-576550.0,422450.0,914.1797322150728,959.7195182380345,red,green,292267355745,3781987425,346302866.0,3571550.0
53286124,201125725,147104300,54021425,12:53,131094.0,-322825.0,-1425.0,911.9644899052604,959.7052024952428,red,green,293609000123,3794516350,1341644378.0,12528925.0
53364042,202283900,146600300,55683600,12:54,77918.0,1158175.0,-504000.0,919.9119483182303,954.6419503078326,red,green,294147316416,3800931325,538316293.0,6414975.0
53416146,199952525,146270100,53682425,12:55,52104.0,-2331375.0,-330200.0,903.9139291436343,951.3247164342555,red,green,294449894379,3803793575,302577963.0,2862250.0
53542378,203681700,145771875,57909825,12:56,126232.0,3729175.0,-498225.0,929.5037262185039,946.3194806781594,red,green,294884330278,3808331800,434435899.0,4538225.0
53704619,204759825,143777500,60982325,12:57,162241.0,1078125.0,-1994375.0,936.9018772764038,926.2837196042185,red,green,296020385714,3820086800,1136055436.0,11755000.0
53861189,205506725,142505325,63001400,12:58,156570.0,746900.0,-1272175.0,942.0271447779879,913.5032774385071,red,green,296606560073,3827870950,586174359.0,7784150.0
54117263,206702125,140154800,66547325,12:59,256074.0,1195400.0,-2350525.0,950.2300431196584,889.8895852801492,red,green,297693668416,3838871975,1087108343.0,11001025.0
54238033,206949375,139086250,67863125,13:00,120770.0,247250.0,-1068550.0,951.92668576227,879.154787413369,red,green,300044688384,3867629100,2351019968.0,28757125.0
54636750,202572175,144232550,58339625,13:01,398717.0,-4377200.0,5146300.0,921.8901066915322,930.8552134690617,red,green,300647936894,3878110100,603248510.0,10481000.0
54783891,202506525,143768900,58737625,13:02,147141.0,-65650.0,-463650.0,921.4396129018963,926.1973228407032,red,green,302239899038,3897452025,1591962144.0,19341925.0
54863183,202603825,144469500,58134325,13:03,79292.0,97300.0,700600.0,922.1072906738929,933.235645226615,red,green,302693923734,3902697775,454024696.0,5245750.0
55005542,201870575,145453300,56417275,13:04,142359.0,-733250.0,983800.0,917.0756901978764,943.1190331273574,red,green,303265272193,3911348175,571348459.0,8650400.0
55068887,202731950,144992625,57739325,13:05,63345.0,861375.0,-460675.0,922.9864912343968,938.4910297514939,red,green,303474333357,3914480025,209061164.0,3131850.0
55159982,202023500,145697125,56326375,13:06,91095.0,-708450.0,704500.0,918.1250696766283,945.5685320650465,red,green,303964064768,3921415875,489731411.0,6935850.0
55254179,202309975,145917325,56392650,13:07,94197.0,286475.0,220200.0,920.0908763542509,947.7806910564507,red,green,304321548367,3926193375,357483599.0,4777500.0
55306655,201543725,146271675,55272050,13:08,52476.0,-766250.0,354350.0,914.8328281241145,951.3405390973411,red,green,304825396290,3932411100,503847923.0,6217725.0
55364503,199493700,146727050,52766650,13:09,57848.0,-2050025.0,455375.0,900.765447604721,955.9152979561545,red,green,305836599658,3944029525,1011203368.0,11618425.0
55478139,201474275,146502825,54971450,13:10,113636.0,1980575.0,-224225.0,914.3562585324892,953.6627032701981,red,green,306206643130,3948214850,370043472.0,4185325.0
55624241,199855400,147016925,52838475,13:11,146102.0,-1618875.0,514100.0,903.24745223094,958.8274214240623,red,green,307585562225,3962658450,1378919095.0,14443600.0
55792017,200996875,146330875,54666000,13:12,167776.0,1141475.0,-686050.0,911.0803143562188,951.935270306656,red,green,308049113511,3967955150,463551286.0,5296700.0
55899478,201043725,146719350,54324375,13:13,107461.0,46850.0,388475.0,911.4018015465379,955.8379427144024,red,green,308966504731,3977652550,917391220.0,9697400.0
56105636,199922650,146460125,53462525,13:14,206158.0,-1121075.0,-259225.0,903.7089253056241,953.2337332932092,red,green,309611850338,3983810900,645345607.0,6158350.0
56209609,200105100,147051000,53054100,13:15,103973.0,182450.0,590875.0,904.9609069037818,959.1697434841536,red,green,310788892071,3995919350,1177041733.0,12108450.0
56267225,200619075,147121025,53498050,13:16,57616.0,513975.0,70025.0,908.4878306742019,959.8732241080096,red,green,312657910131,4016746500,1869018060.0,20827150.0
56678773,200997275,145426200,55571075,13:17,411548.0,378200.0,-1694825.0,911.0830591774809,942.8467828609312,red,green,313382926540,4024343725,725016409.0,7597225.0
56796855,201552825,145107900,56444925,13:18,118082.0,555550.0,-318300.0,914.8952728078265,939.6490979973346,red,green,314971934932,4041437325,1589008392.0,17093600.0
56902659,201305675,145876025,55429650,13:19,105804.0,-247150.0,768125.0,913.1993163705303,947.3657856688712,red,green,315285173791,4044851475,313238859.0,3414150.0
57102673,200722225,145406925,55315300,13:20,200014.0,-583450.0,-469100.0,909.1956514571559,942.6531436031686,red,green,317190773154,4063378800,1905599363.0,18527325.0
57294381,202538525,141869050,60669475,13:22,88372.0,790750.0,-1996725.0,921.6591986028612,907.1111727052839,red,green,318520280912,4078226025,1329507758.0,14847225.0
57463475,201877450,144123225,57754225,13:23,169094.0,-661075.0,2254175.0,917.1228668133182,929.7569197282113,red,green,319127900825,4085195025,607619913.0,6969000.0
57554775,200899100,144482200,56416900,13:24,91300.0,-978350.0,358975.0,910.4093771089738,933.3632311448296,red,green,320492997825,4098138200,1365097000.0,12943175.0
57734627,201430200,144301975,57128225,13:25,179852.0,531100.0,-180225.0,914.0538135396757,931.5526664117422,red,green,321401151119,4108564225,908153294.0,10426025.0
57867267,201528875,144822225,56706650,13:26,132640.0,98675.0,520250.0,914.7309266347605,936.7791682976552,red,green,322623186333,4122008850,1222035214.0,13444625.0
57793294,202076675,140633675,61443000,13:27,-73973.0,547800.0,-4188550.0,918.4899593531536,894.7004283183359,red,green,322932961955,4125512275,309775622.0,3503425.0
58101655,200807425,145010550,55796875,13:28,308361.0,-1269250.0,4376875.0,909.780298385975,938.6711067266116,red,green,323763019805,4134531775,830057850.0,9019500.0
58214648,203011650,143158675,59852975,13:29,112993.0,2204225.0,-1851875.0,924.9058075018933,920.0669199318492,red,green,324294966776,4140020975,531946971.0,5489200.0
58343682,203381775,143310500,60071275,13:30,129034.0,370125.0,151825.0,927.4456249259445,921.59217442263,red,green,325249442984,4150990250,954476208.0,10969275.0
58411685,203136225,142812125,60324100,13:31,68003.0,-245550.0,-498375.0,925.7606477736965,916.58543174624,red,green,326329103498,4163193700,1079660514.0,12203450.0
58573347,204040025,141209975,62830050,13:32,161662.0,903800.0,-1602150.0,931.9625714153242,900.4900160873924,red,green,328098380303,4181676550,1769276805.0,18482850.0
58797196,202260875,139201525,63059350,13:33,223849.0,-1779150.0,-2008450.0,919.7539495443328,880.3128556592097,red,green,328543866640,4186625950,445486337.0,4949400.0
59150120,203943950,139480700,64463250,13:34,352924.0,1683075.0,279175.0,931.3032996584428,883.117485479488,red,green,330521231858,4208942600,1977365218.0,22316650.0
59339680,204649700,136284375,68365325,13:35,189560.0,705750.0,-3196325.0,936.1461936726923,851.00677209075,red,green,331467205773,4220582400,945973915.0,11639800.0
59576235,203253750,139405750,63848000,13:36,236555.0,-1395950.0,3121375.0,926.567110570756,882.3645276393166,red,green,333020604125,4240028250,1553398352.0,19445850.0
59808566,202247875,140515675,61732200,13:38,232331.0,-1005875.0,1109925.0,919.6647428533159,893.5149843538231,red,green,333784440020,4249298025,411171840.0,5034800.0
59825913,201642625,140891150,60751475,13:39,17347.0,-605250.0,375475.0,915.5114851811592,897.2870570027671,red,green,334598800513,4258110550,814360493.0,8812525.0
59939908,201679350,141413425,60265925,13:40,113995.0,36725.0,522275.0,915.7634940832822,902.5339023126475,red,green,335222525043,4265103025,623724530.0,6992475.0
60058187,201107850,142016750,59091100,13:41,118279.0,-571500.0,603325.0,911.8418307051121,908.5949868879833,red,green,335752323438,4271144275,529798395.0,6041250.0
60145013,199611675,142911125,56700550,13:42,86826.0,-1496175.0,894375.0,901.5749983257002,917.5799991401956,red,green,336823538132,4282608525,1071214694.0,11464250.0
60248806,200415250,142056150,58359100,13:43,103793.0,803575.0,-854975.0,907.0891726898526,908.990804618507,red,green,337533513480,4290192850,709975348.0,7584325.0
60350768,200828800,141559525,59269275,13:44,101962.0,413550.0,-496625.0,909.9269747721664,904.0016426788789,red,green,338150877938,4297065250,617364458.0,6872400.0
60501564,200579300,141945900,58633400,13:45,150796.0,-249500.0,386375.0,908.2148925099557,907.8832182025111,red,green,338817665106,4303964150,666787168.0,6898900.0
60654473,201488150,141456775,60031375,13:47,152909.0,908850.0,-489125.0,914.451469520017,902.9694022775766,red,green,340029217510,4316964700,630595084.0,7020825.0
60738567,200940900,141863600,59077300,13:48,84094.0,-547250.0,406825.0,910.6962109308591,907.05642126794,red,green,340559510883,4322483375,530293373.0,5518675.0
60862698,199725300,142565875,57159425,13:49,124131.0,-1215600.0,702275.0,902.3546991154545,914.1115709304667,red,green,341761084138,4333722550,1201573255.0,11239175.0
61155463,199275650,142818000,56457650,13:51,292765.0,-449650.0,252125.0,899.2691769142398,916.6444527910834,red,green,343431168895,4352874250,810242781.0,8867925.0
61374822,201439975,139131775,62308200,13:52,219359.0,2164325.0,-3686225.0,914.1208901092674,879.6121377225593,red,green,344955319371,4372216875,1524150476.0,19342625.0
61616964,199665925,140317750,59348175,13:53,242142.0,-1774050.0,1185975.0,901.9472647093673,891.5266030260589,red,green,345333070215,4376019800,377750844.0,3802925.0
61732152,199821175,141026300,58794875,13:54,115188.0,155250.0,708550.0,903.0125984617049,898.6447921875459,red,green,348010348481,4403018575,2677278266.0,26998775.0
61985887,199539950,140045000,59494950,13:55,253735.0,-281225.0,-981300.0,901.0828175631469,888.7865196250349,red,green,348679563586,4409610300,669215105.0,6591725.0
62091011,199725350,140449450,59275900,13:56,105124.0,185400.0,404450.0,902.3550422181123,892.8496790440785,red,green,349751100957,4422177250,1071537371.0,12566950.0
62308294,200021650,138585325,61436325,13:57,217283.0,296300.0,-1864125.0,904.3882685679843,874.1224270919832,red,green,350827498541,4433939775,1076397584.0,11762525.0
62576876,199584325,138287475,61296850,13:58,268582.0,-437325.0,-297850.0,901.3873211719068,871.1301856951179,red,green,352805467923,4454816300,1977969382.0,20876525.0
62638418,199439900,139355025,60084875,13:59,61542.0,-144425.0,1067550.0,900.3962691449738,881.8549374266055,red,green,352403857622,4455066575,-401610301.0,250275.0
62890658,199211675,139464950,59746725,14:00,252240.0,-228225.0,109925.0,898.8301770636388,882.9592588486314,red,green,354143903556,4469439675,1740045934.0,14373100.0
63148634,199336350,140132075,59204275,14:02,181731.0,-74400.0,1018225.0,899.6857035407576,889.6612868556275,red,green,355985665946,4489380075,1841762390.0,19940400.0
63225796,199465725,139682875,59782850,14:03,77162.0,129375.0,-449200.0,900.5734816677056,885.1485628822453,red,green,356495481096,4495133675,509815150.0,5753600.0
63271047,200191225,140042625,60148600,14:04,45251.0,725500.0,359750.0,905.5519012317694,888.7626600537152,red,green,356969689352,4500782800,474208256.0,5649125.0
63379794,199933875,140503525,59430350,14:05,108747.0,-257350.0,460900.0,903.7859518522907,893.3929238100195,red,green,357509124137,4506548500,539434785.0,5765700.0
63484157,199674250,140004950,59669300,14:06,104363.0,-259625.0,-498575.0,902.004391301884,888.3841719065709,red,green,357822342140,4509861950,313218003.0,3313450.0
63561545,199530300,137332825,62197475,14:07,77388.0,-143950.0,-2672125.0,901.0165987501996,861.5396426381512,red,green,359620531165,4527347600,1798189025.0,17485650.0
63703408,199840650,139726475,60114175,14:08,141863.0,310350.0,2393650.0,903.1462369469015,885.5865743809974,red,green,360225478782,4533493950,604947617.0,6146350.0
63878963,200792275,138115200,62677075,14:09,175555.0,951625.0,-1611275.0,909.6763382806745,869.3994877376059,red,green,361329842023,4544584575,1104363241.0,11090625.0
63999758,201124550,137854475,63270075,14:10,120795.0,332275.0,-260725.0,911.9564269928031,866.7802091134738,red,green,362085430592,4552451675,755588569.0,7867100.0
64177803,198536075,139957075,58579000,14:11,178045.0,-2588475.0,2102600.0,894.1941739520171,887.9032131794435,red,green,362961759779,4561097175,876329187.0,8645500.0
64291596,198709350,139883500,58825850,14:12,113793.0,173275.0,-73575.0,895.3831962124763,887.1640687752991,red,green,363676658109,4568414475,714898330.0,7317300.0
64470926,196051075,141478800,54572275,14:13,179330.0,-2658275.0,1595300.0,877.1419718614608,903.1906684073933,red,green,364409628468,4576321875,732970359.0,7907400.0
64592179,196110325,141885125,54225200,14:14,121253.0,59250.0,406325.0,877.5485485109035,907.2726643301106,red,green,365886286435,4591848725,1476657967.0,15526850.0
64182174,196148375,131636150,64512225,14:15,-410005.0,38050.0,-10248975.0,877.8096496334572,804.3100748708597,red,green,367155613829,4605666900,1269327394.0,13818175.0
64863739,197154275,140792575,56361700,14:16,681565.0,1005900.0,9156425.0,884.7121889022261,896.2967592163109,red,green,367712378591,4611327125,556764762.0,5660225.0
65042681,198359600,139264350,59095250,14:17,178942.0,1205325.0,-1528225.0,892.9831931214615,880.9440041089598,red,green,368984027433,4624205550,1271648842.0,12878425.0
65150632,198010475,140280575,57729900,14:18,107951.0,-349125.0,1016225.0,890.5874788136686,891.153137946561,red,green,369820708676,4631674475,836681243.0,7468925.0
65243710,198268725,139657400,58611325,14:19,93078.0,258250.0,-623175.0,892.3596040409868,884.8926375856693,red,green,370501539653,4638575850,680830977.0,6901375.0
65404833,197538725,140346325,57192400,14:20,161123.0,-730000.0,688925.0,887.3503052377248,891.8136713420415,red,green,371350604262,4647616600,849064609.0,9040750.0
65434007,197478650,140492600,56986050,14:21,29174.0,-60075.0,146275.0,886.9380673944289,893.2831697819491,red,green,371671772813,4651074750,321168551.0,3458150.0
65516941,197194375,140219900,56974475,14:22,82934.0,-284275.0,-272700.0,884.9873572337476,890.5435886876896,red,green,372276825980,4657105725,605053167.0,6030975.0
65539140,194488675,140391800,54096875,14:23,22199.0,-2705700.0,171900.0,866.4207000118489,892.2705193444671,red,green,372724402007,4662019300,447576027.0,4913575.0
65729385,196028925,141274000,54754925,14:24,190245.0,1540250.0,882200.0,876.9899773840741,901.1332198994934,red,green,373146387954,4666133900,421985947.0,4114600.0
65862565,194955400,142003700,52951700,14:25,133180.0,-1073525.0,729700.0,869.6233917706879,908.4638848224165,red,green,374500750402,4681188625,1354362448.0,15054725.0
65981882,195965725,140926150,55039575,14:26,119317.0,1010325.0,-1077550.0,876.5562956246683,897.6386717380041,red,green,375011701787,4687215400,510951385.0,6026775.0
66051796,196466275,141057650,55408625,14:27,69914.0,500550.0,131500.0,879.9910963314804,898.9597385289652,red,green,375689163467,4694032225,677461680.0,6816825.0
66002281,195601775,141639825,53961950,14:28,-49515.0,-864500.0,582175.0,874.0588513788502,904.8083473428651,red,green,376194139346,4699049300,504975879.0,5017075.0
66244992,196747750,140784475,55963275,14:29,242711.0,1145975.0,-855350.0,881.9225927433273,896.2153855204418,red,green,376893584532,4707449575,699445186.0,8400275.0
66473250,195796950,141068275,54728675,14:30,228258.0,-950800.0,283800.0,875.3981526034074,899.0664787164478,red,green,378110002728,4720075250,1216418196.0,12625675.0
66620625,195850775,141270600,54580175,14:31,147375.0,53825.0,202325.0,875.7675026144834,901.099063039499,red,green,379369141362,4732073050,1259138634.0,11997800.0
66871791,195691550,141388500,54303050,14:32,251166.0,-159225.0,117900.0,874.6748922008541,902.2835023904825,red,green,381199348613,4750429000,1830207251.0,18355950.0
66985979,195765100,139692350,56072750,14:33,114188.0,73550.0,-1696150.0,875.1795962104158,885.2437500141416,red,green,381999204621,4758407550,799856008.0,7978550.0
67151228,195720025,141163075,54556950,14:34,165249.0,-45075.0,1470725.0,874.8702891644472,900.018852342175,red,green,383837473708,4778472025,1838269087.0,20064475.0
67391183,195839375,140871100,54968275,14:35,239955.0,119350.0,-291975.0,875.6892752085147,897.0856319901529,red,green,384989355838,4790859375,1151882130.0,12387350.0
67598427,194678250,140343275,54334975,14:36,207244.0,-1161125.0,-527825.0,867.7215737387371,891.7830306293994,red,green,385961011103,4801009350,971655265.0,10149975.0
67621474,194383275,140614250,53769025,14:37,23047.0,-294975.0,270975.0,865.6974396092958,894.5052821402794,red,green,386559388807,4807798750,598377704.0,6789400.0
67864350,190331700,141506675,48825025,14:38,242876.0,-4051575.0,892425.0,837.8953165972048,903.4707044286713,red,green,388184252948,4824234175,1624864141.0,16435425.0
68101120,191098425,140753825,50344600,14:39,236770.0,766725.0,-752850.0,843.1566243025898,895.9074714737272,red,green,390248253306,4845343950,2064000358.0,21109775.0
68599536,190455200,138808900,51646300,14:40,498416.0,-643225.0,-1944925.0,838.7427801618662,876.3684917899996,red,green,391170238275,4856685675,921984969.0,11341725.0
68809650,189984625,138858175,51126450,14:41,210114.0,-470575.0,49275.0,835.5136694983798,876.8635151065366,red,green,393113371013,4876900800,1943132738.0,20215125.0
69185713,191642300,137028850,54613450,14:42,376063.0,1657675.0,-1829325.0,846.8887234623488,858.4858686626195,red,green,395563458940,4906559325,2450087927.0,29658525.0
69361995,190919400,137798300,53121100,14:43,176282.0,-722900.0,769450.0,841.9281452364884,866.2158674634187,red,green,396593782070,4918730300,1030323130.0,12170975.0
69385967,190187625,138219100,51968525,14:44,23972.0,-731775.0,420800.0,836.906666288876,870.4432811944945,red,green,397075955939,4924747275,482173869.0,6016975.0
69679041,190395600,137005025,53390575,14:45,293074.0,207975.0,-1214075.0,838.333801793819,858.2465194892762,red,green,398601807818,4942978075,1525851879.0,18230800.0
69856171,189530725,135664425,53866300,14:47,59275.0,-980350.0,692175.0,832.3989835712556,844.7786705161768,red,green,400495717570,4964427200,1893909752.0,21449125.0
70123078,187569675,136391225,51178450,14:48,266907.0,-1961050.0,726800.0,818.9421542313418,852.0802016467516,red,green,400984992959,4971073700,489275389.0,6646500.0
70211392,189212400,135796375,53416025,14:49,88314.0,1642725.0,-594850.0,830.2146205006414,846.1042580680196,red,green,401970599424,4981879050,985606465.0,10805350.0
70712194,188191475,133664600,54526875,14:50,500802.0,-1020925.0,-2131775.0,823.2089788832162,824.6881580048919,red,green,405033701921,5015199950,3063102497.0,33320900.0
70722317,187958425,133941675,54016750,14:51,10123.0,-233050.0,277075.0,821.6097773954077,827.4716909410558,red,green,405667858372,5022664800,634156451.0,7464850.0
70873354,188485325,132043150,56442175,14:52,151037.0,526900.0,-1898525.0,825.2253932028582,808.3988519348992,red,green,406417821453,5030183625,749963081.0,7518825.0
71076234,185343975,134059475,51284500,14:53,202880.0,-3141350.0,2016325.0,803.6692825239168,828.6551256785101,red,green,407342919521,5043641400,925098068.0,13457775.0
71276428,184440975,134475775,49965200,14:54,200194.0,-903000.0,416300.0,797.4728485248131,832.8373318007698,red,green,408257815858,5055675175,914896337.0,12033775.0
71485017,182316750,136196800,46119950,14:55,208589.0,-2124225.0,1721025.0,782.8963036613072,850.1269817925111,red,green,409342134978,5070118975,1084319120.0,14443800.0
71704036,180529275,135745325,44783950,14:56,219019.0,-1787475.0,-451475.0,770.6305551977991,845.5914028613385,red,green,411059040910,5092070550,1716905932.0,21951575.0
71800975,181119325,136919225,44200100,14:57,96939.0,590050.0,1173900.0,774.6795096619975,857.3845610811815,red,green,411447482711,5097037325,388441801.0,4966775.0
72049815,181618775,134651675,46967100,14:58,248840.0,499450.0,-2267550.0,778.1067621103389,834.6044469987171,red,green,412299707769,5107022300,852225058.0,9984975.0
72275969,181734700,132166900,49567800,14:59,226154.0,115925.0,-2484775.0,778.90224562235,809.6420611773436,red,green,413239052726,5116447600,939344957.0,9425300.0
72550744,180677700,131501250,49176450,15:00,274775.0,-1057000.0,-665650.0,771.6490554373529,802.954851219904,red,green,415663166170,5142159725,2424113444.0,25712125.0
72913356,181162125,129720725,51441400,15:03,204087.0,621125.0,-2259925.0,774.9732055370381,785.06745617826,red,green,418587172846,5177044075,919110655.0,10577975.0
73062431,180431100,130558575,49872525,15:04,149075.0,-731025.0,837850.0,769.956873129292,793.4846106330649,red,green,419530902983,5188937425,943730137.0,11893350.0
73214375,180351425,130352625,49998800,15:05,151944.0,-79675.0,-205950.0,769.4101390441551,791.4156090695785,red,green,420392561520,5198724250,861658537.0,9786825.0
73323741,179344750,129568600,49776150,15:06,109366.0,-1006675.0,-784025.0,762.502281684191,783.5391878468915,red,green,420961147301,5205269150,568585781.0,6544900.0
73519420,179452100,128926075,50526025,15:07,195679.0,107350.0,-642525.0,763.2389230903968,777.0842947680903,red,green,421946379545,5217689375,985232244.0,12420225.0
73689309,179529275,127437375,52091900,15:08,169889.0,77175.0,-1488700.0,763.7685020426458,762.1286131581746,red,green,422153839040,5220648575,207459495.0,2959200.0
73780747,177617925,126642300,50975625,15:09,91438.0,-1911350.0,-795075.0,750.652716744543,754.1411821405056,red,green,423395532852,5239819675,1241693812.0,19171100.0
73967798,176094000,126973675,49120325,15:10,187051.0,-1523925.0,331375.0,740.1954623900758,757.4702202230513,red,green,424233220206,5250991675,837687354.0,11172000.0
74050904,174566125,126933475,47632650,15:11,83106.0,-1527875.0,-40200.0,729.7111029256457,757.0663655842936,red,green,425022731658,5260761700,789511452.0,9770025.0
74317974,171294075,128144400,43149675,15:12,267070.0,-3272050.0,1210925.0,707.2581218993257,769.2314819633407,red,green,426449437556,5277269925,1426705898.0,16508225.0
74642063,172522900,127327750,45195150,15:13,324089.0,1228825.0,-816650.0,715.6903843677071,761.0273055767364,red,green,427793314119,5292189225,1343876563.0,14919300.0
74772188,172795525,125791675,47003850,15:14,130125.0,272625.0,-1536075.0,717.5611516091309,745.5956883073393,red,green,428421625007,5300586025,628310888.0,8396800.0
75197955,171009450,122499200,48510250,15:15,425767.0,-1786075.0,-3292475.0,705.3050100200401,712.5190390102294,red,green,430655816644,5329151650,2234191637.0,28565625.0
75527488,168210375,122089100,46121275,15:17,263272.0,-1640800.0,-859500.0,686.0976085847788,708.3991189267831,red,green,432836225047,5356062250,2180408403.0,26910600.0
75769288,168466275,119903100,48563175,15:19,241800.0,255900.0,-2186000.0,687.8536079871826,686.4382671774207,red,green,434798201381,5380712575,1259444080.0,15634375.0
76066141,165902750,116291875,49610875,15:20,296853.0,-2563525.0,-3611225.0,670.2625631726178,650.1594122558325,red,green,436175630223,5397565475,1377428842.0,16852900.0
76376160,163732550,115306125,48426425,15:21,310019.0,-2170200.0,-985750.0,655.3705354153036,640.2564343912699,red,green,436937517190,5407352175,761886967.0,9786700.0
76495125,161390200,115402350,45987850,15:22,118965.0,-2342350.0,96225.0,639.2972052073299,641.2231237597888,red,green,437948500632,5422461125,1010983442.0,15108950.0
76739075,160832300,112158450,48673850,15:23,243950.0,-557900.0,-3243900.0,635.4688657520697,608.6344654845111,red,green,438934449587,5438727375,985948955.0,16266250.0
76859012,159730675,110903350,48827325,15:24,119937.0,-1101625.0,-1255100.0,627.9094564450237,596.0255610789187,red,green,439563087501,5447975750,628637914.0,9248375.0
77052046,155909250,107738150,48171100,15:25,193034.0,-3821425.0,-3165200.0,601.6866349665912,564.2275336511592,red,green,441081852985,5466569950,1518765484.0,18594200.0
77337157,149674800,105123175,44551625,15:26,285111.0,-6234450.0,-2614975.0,558.9055076734446,537.9571410147049,red,green,442052614713,5481109575,970761728.0,14539625.0
77561143,145038325,102394400,42643925,15:27,223986.0,-4636475.0,-2728775.0,527.0897697709042,510.54349818196624,red,green,442514778947,5488459675,462164234.0,7350100.0
77557428,134851300,96734800,38116500,15:29,-3715.0,-10187025.0,-5659600.0,457.18586272802673,453.68639088064333,red,green,444476408623,5517415225,757393628.0,10016000.0
77978397,68371800,51674050,16697750,15:30,420969.0,-66479500.0,-45060750.0,1.0,1.0,red,green,445064872133,5525640375,588463510.0,8225150.0
